nisn,nama_lengkap,id_kelas,jenis_kelamin,no_hp_ortu
0123456781,Ahmad Fauzi Rahman,KLS-1A,L,6281234567801
0123456782,Aisyah Zahira Putri,KLS-1A,P,6281234567802
0123456783,Bilal Abdul Malik,KLS-1B,L,6281234567803
0123456784,Fatimah Azzahra,KLS-1C,P,6281234567804
0123456785,Muhammad Hanif Al-Baqir,KLS-2A,L,6281234567805
0123456786,Zhafira Nur Ramadhani,KLS-3A,P,6281234567806
0123456787,Ibrahim Al-Ghifari,KLS-4B,L,6281234567807
0123456788,Khadijah Nayla Syarif,KLS-5A,P,6281234567808
0123456789,Rayhan Yusuf Pratama,KLS-6A,L,6281234567809
